id,threads_user_id,snapshot_at,followers_count,follower_demographics,created_at,profile_views,likes_count_7d,quotes_count_7d,reposts_count_7d,views_count_7d,workspace_id,account_id
3f282d74-d5ed-4263-ba60-a2f37ca5e1c2,26269479575987944,2026-01-10 14:01:07.614088+00,20,,2026-01-10 14:01:07.614088+00,9987,0,0,0,0,00000000-0000-0000-0000-000000000001,cc8124ad-34db-486b-bee8-0a9ff321b93d
8dc970b3-770f-4fde-bf25-83861503a3ae,26269479575987944,2026-01-10 13:46:10.82093+00,20,,2026-01-10 13:46:10.82093+00,9955,0,0,0,0,00000000-0000-0000-0000-000000000001,cc8124ad-34db-486b-bee8-0a9ff321b93d
1370ed7b-97b1-4cbc-ae1b-f89da751c8a3,26269479575987944,2026-01-10 13:16:07.341717+00,20,,2026-01-10 13:16:07.341717+00,9884,0,0,0,0,00000000-0000-0000-0000-000000000001,cc8124ad-34db-486b-bee8-0a9ff321b93d
e6bc9ad3-45e5-4b78-bb0c-7ae715ff4464,26269479575987944,2026-01-10 12:46:09.57027+00,20,,2026-01-10 12:46:09.57027+00,9769,0,0,0,0,00000000-0000-0000-0000-000000000001,cc8124ad-34db-486b-bee8-0a9ff321b93d
bc6ab47e-6e06-45ee-9c6b-87eeeb4282ff,26269479575987944,2026-01-10 12:31:01.383321+00,20,,2026-01-10 12:31:01.383321+00,9726,0,0,0,0,00000000-0000-0000-0000-000000000001,cc8124ad-34db-486b-bee8-0a9ff321b93d
ae30b26a-90da-4a98-a7d1-d3d08157891d,26269479575987944,2026-01-10 12:01:09.655931+00,20,,2026-01-10 12:01:09.655931+00,9599,0,0,0,0,00000000-0000-0000-0000-000000000001,cc8124ad-34db-486b-bee8-0a9ff321b93d
f623c1e3-0958-4f41-9d6d-34948f6e4e02,26269479575987944,2026-01-10 11:30:53.396057+00,20,,2026-01-10 11:30:53.396057+00,9408,0,0,0,0,00000000-0000-0000-0000-000000000001,cc8124ad-34db-486b-bee8-0a9ff321b93d
71e8e266-53b8-4391-9d67-b00550c72114,26269479575987944,2026-01-10 11:01:01.877601+00,20,,2026-01-10 11:01:01.877601+00,9221,0,0,0,0,00000000-0000-0000-0000-000000000001,cc8124ad-34db-486b-bee8-0a9ff321b93d
e33138af-cfa2-45ca-a03a-8a9eac5a3d25,26269479575987944,2026-01-10 10:45:55.147792+00,20,,2026-01-10 10:45:55.147792+00,9159,0,0,0,0,00000000-0000-0000-0000-000000000001,cc8124ad-34db-486b-bee8-0a9ff321b93d
aca3a33a-ee00-44d4-a1e1-c659c24f50f5,26269479575987944,2026-01-10 10:16:05.463454+00,20,,2026-01-10 10:16:05.463454+00,8960,0,0,0,0,00000000-0000-0000-0000-000000000001,cc8124ad-34db-486b-bee8-0a9ff321b93d
0862c3e7-da18-460c-939b-7ad4910a8111,26269479575987944,2026-01-10 10:01:02.343437+00,20,,2026-01-10 10:01:02.343437+00,8874,0,0,0,0,00000000-0000-0000-0000-000000000001,cc8124ad-34db-486b-bee8-0a9ff321b93d
9558d3cb-57c3-44b4-8cf4-4215e1fe7f9f,26269479575987944,2026-01-10 09:30:47.764986+00,20,,2026-01-10 09:30:47.764986+00,8702,0,0,0,0,00000000-0000-0000-0000-000000000001,cc8124ad-34db-486b-bee8-0a9ff321b93d
b90af5f1-fa11-4b59-a797-340951654a0e,26269479575987944,2026-01-10 09:16:10.888301+00,20,,2026-01-10 09:16:10.888301+00,8624,0,0,0,0,00000000-0000-0000-0000-000000000001,cc8124ad-34db-486b-bee8-0a9ff321b93d
64d3c8b6-2416-4c4f-81d9-7c97f7ba058a,26269479575987944,2026-01-10 09:00:46.881743+00,20,,2026-01-10 09:00:46.881743+00,8524,0,0,0,0,00000000-0000-0000-0000-000000000001,cc8124ad-34db-486b-bee8-0a9ff321b93d
7121a550-4522-4ebe-b10d-a304c15a96a4,26269479575987944,2026-01-10 08:30:51.68906+00,20,,2026-01-10 08:30:51.68906+00,8345,0,0,0,0,00000000-0000-0000-0000-000000000001,cc8124ad-34db-486b-bee8-0a9ff321b93d
82b822c7-1e1f-4daa-b1f7-3bab4198c7e6,26269479575987944,2026-01-10 08:15:59.927168+00,20,,2026-01-10 08:15:59.927168+00,8244,0,0,0,0,00000000-0000-0000-0000-000000000001,cc8124ad-34db-486b-bee8-0a9ff321b93d
b07c8d0f-f580-4b0b-ba8d-27b82c01d3ef,26269479575987944,2026-01-10 08:01:15.155152+00,20,,2026-01-10 08:01:15.155152+00,8166,0,0,0,0,00000000-0000-0000-0000-000000000001,cc8124ad-34db-486b-bee8-0a9ff321b93d
3b280afb-8a29-4129-9bc9-ab7084e3ff02,26269479575987944,2026-01-10 07:30:46.797731+00,20,,2026-01-10 07:30:46.797731+00,10452,0,0,0,0,00000000-0000-0000-0000-000000000001,cc8124ad-34db-486b-bee8-0a9ff321b93d
7a5f212c-beb0-474b-adb8-5330c527cb5b,26269479575987944,2026-01-10 07:15:52.324822+00,20,,2026-01-10 07:15:52.324822+00,10352,0,0,0,0,00000000-0000-0000-0000-000000000001,cc8124ad-34db-486b-bee8-0a9ff321b93d
ed50bcd7-e91d-498c-8c0c-fe5e8fca3818,26269479575987944,2026-01-10 06:45:54.78368+00,20,,2026-01-10 06:45:54.78368+00,10177,0,0,0,0,00000000-0000-0000-0000-000000000001,cc8124ad-34db-486b-bee8-0a9ff321b93d
d74da5df-a3a1-434e-9d3e-b3a0ddcd67da,26269479575987944,2026-01-10 06:31:01.934693+00,20,,2026-01-10 06:31:01.934693+00,10105,0,0,0,0,00000000-0000-0000-0000-000000000001,cc8124ad-34db-486b-bee8-0a9ff321b93d
87682b00-191b-4f90-9bce-bd04bb9c68a5,26269479575987944,2026-01-10 06:01:12.319994+00,20,,2026-01-10 06:01:12.319994+00,9930,0,0,0,0,00000000-0000-0000-0000-000000000001,cc8124ad-34db-486b-bee8-0a9ff321b93d
2066ba23-acda-4dc6-a2cf-589b0b65bc51,26269479575987944,2026-01-10 05:31:01.893755+00,20,,2026-01-10 05:31:01.893755+00,9790,0,0,0,0,00000000-0000-0000-0000-000000000001,cc8124ad-34db-486b-bee8-0a9ff321b93d
e37c6590-9445-4fb5-9f7f-70b06a251278,26269479575987944,2026-01-10 05:01:14.751437+00,20,,2026-01-10 05:01:14.751437+00,9637,0,0,0,0,00000000-0000-0000-0000-000000000001,cc8124ad-34db-486b-bee8-0a9ff321b93d
76d65a3a-ea49-49ab-a065-0fbc82241883,26269479575987944,2026-01-10 04:31:01.284449+00,20,,2026-01-10 04:31:01.284449+00,9428,0,0,0,0,00000000-0000-0000-0000-000000000001,cc8124ad-34db-486b-bee8-0a9ff321b93d
050371b3-f226-41c3-81aa-a51b5888f9c6,26269479575987944,2026-01-10 04:00:56.270271+00,20,,2026-01-10 04:00:56.270271+00,9283,0,0,0,0,00000000-0000-0000-0000-000000000001,cc8124ad-34db-486b-bee8-0a9ff321b93d
59003316-cb9f-48ed-a86c-932fe01c19e6,26269479575987944,2026-01-10 03:45:47.909314+00,20,,2026-01-10 03:45:47.909314+00,9210,0,0,0,0,00000000-0000-0000-0000-000000000001,cc8124ad-34db-486b-bee8-0a9ff321b93d
54717f05-493d-43e0-a38f-d164ddc15000,26269479575987944,2026-01-10 03:15:49.505159+00,20,,2026-01-10 03:15:49.505159+00,8965,0,0,0,0,00000000-0000-0000-0000-000000000001,cc8124ad-34db-486b-bee8-0a9ff321b93d
6f3364be-c251-40c8-bdd1-4a77ca0f550b,26269479575987944,2026-01-10 03:00:48.710331+00,20,,2026-01-10 03:00:48.710331+00,8873,0,0,0,0,00000000-0000-0000-0000-000000000001,cc8124ad-34db-486b-bee8-0a9ff321b93d
f91105dd-b0af-4923-8772-10d2e42e0946,26269479575987944,2026-01-10 02:45:47.457528+00,20,,2026-01-10 02:45:47.457528+00,8709,0,0,0,0,00000000-0000-0000-0000-000000000001,cc8124ad-34db-486b-bee8-0a9ff321b93d
7c2de3ed-ebeb-46b3-8598-7c4180619c88,26269479575987944,2026-01-10 02:30:53.543272+00,20,,2026-01-10 02:30:53.543272+00,8594,0,0,0,0,00000000-0000-0000-0000-000000000001,cc8124ad-34db-486b-bee8-0a9ff321b93d
b3a7a5e8-6d0c-448e-ab50-3b42b053e531,26269479575987944,2026-01-10 02:00:49.902102+00,20,,2026-01-10 02:00:49.902102+00,8381,0,0,0,0,00000000-0000-0000-0000-000000000001,cc8124ad-34db-486b-bee8-0a9ff321b93d
5afc3cf6-3099-4c3c-9c0d-1382ca260fb5,26269479575987944,2026-01-10 01:45:46.808763+00,20,,2026-01-10 01:45:46.808763+00,8292,0,0,0,0,00000000-0000-0000-0000-000000000001,cc8124ad-34db-486b-bee8-0a9ff321b93d
1deccaba-b41b-497d-ae4e-2f849f7f2d5e,26269479575987944,2026-01-10 01:30:42.934294+00,20,,2026-01-10 01:30:42.934294+00,8238,0,0,0,0,00000000-0000-0000-0000-000000000001,cc8124ad-34db-486b-bee8-0a9ff321b93d
ea8fc952-58ff-4fec-892c-4e872377211f,26269479575987944,2026-01-10 01:00:50.481007+00,20,,2026-01-10 01:00:50.481007+00,8137,0,0,0,0,00000000-0000-0000-0000-000000000001,cc8124ad-34db-486b-bee8-0a9ff321b93d
0ff174e8-c8d0-44c8-bc68-b6a77fa25bf3,26269479575987944,2026-01-10 00:45:42.082364+00,20,,2026-01-10 00:45:42.082364+00,8095,0,0,0,0,00000000-0000-0000-0000-000000000001,cc8124ad-34db-486b-bee8-0a9ff321b93d
4a24ed97-8def-4ae6-b802-0aad06f1198a,26269479575987944,2026-01-10 00:30:55.392799+00,20,,2026-01-10 00:30:55.392799+00,8038,0,0,0,0,00000000-0000-0000-0000-000000000001,cc8124ad-34db-486b-bee8-0a9ff321b93d
f0043dc4-aee5-47a1-bea3-e0dd71cd3a62,26269479575987944,2026-01-10 00:00:49.039452+00,20,,2026-01-10 00:00:49.039452+00,7915,0,0,0,0,00000000-0000-0000-0000-000000000001,cc8124ad-34db-486b-bee8-0a9ff321b93d
a00d590b-11ae-4c7b-8862-a63be14a5d3e,26269479575987944,2026-01-09 23:30:52.062868+00,20,,2026-01-09 23:30:52.062868+00,7844,0,0,0,0,00000000-0000-0000-0000-000000000001,cc8124ad-34db-486b-bee8-0a9ff321b93d
b55ad0b9-c492-4f83-9548-c15031656f21,26269479575987944,2026-01-09 23:00:45.051634+00,20,,2026-01-09 23:00:45.051634+00,7721,0,0,0,0,00000000-0000-0000-0000-000000000001,cc8124ad-34db-486b-bee8-0a9ff321b93d
ae95ee23-0767-47f7-ae9a-5233c38e80ab,26269479575987944,2026-01-09 22:45:57.802544+00,20,,2026-01-09 22:45:57.802544+00,7706,0,0,0,0,00000000-0000-0000-0000-000000000001,cc8124ad-34db-486b-bee8-0a9ff321b93d
abb06e92-0890-4ada-85a1-74ce1b5903a6,26269479575987944,2026-01-09 22:15:47.229984+00,20,,2026-01-09 22:15:47.229984+00,7661,0,0,0,0,00000000-0000-0000-0000-000000000001,cc8124ad-34db-486b-bee8-0a9ff321b93d
72c0fae0-cb07-435a-9617-3e582072bdb3,26269479575987944,2026-01-09 22:00:44.274432+00,20,,2026-01-09 22:00:44.274432+00,7604,0,0,0,0,00000000-0000-0000-0000-000000000001,cc8124ad-34db-486b-bee8-0a9ff321b93d
ebac87e1-32b1-4afa-bae2-bfcc306d8345,26269479575987944,2026-01-09 21:30:42.785963+00,20,,2026-01-09 21:30:42.785963+00,7552,0,0,0,0,00000000-0000-0000-0000-000000000001,cc8124ad-34db-486b-bee8-0a9ff321b93d
8a25bd83-9536-42b0-aabd-df14a4c77dc5,26269479575987944,2026-01-09 21:01:08.234277+00,20,,2026-01-09 21:01:08.234277+00,7473,0,0,0,0,00000000-0000-0000-0000-000000000001,cc8124ad-34db-486b-bee8-0a9ff321b93d
a386f755-a84f-41cf-bce9-d5cee7814e30,26269479575987944,2026-01-09 20:30:54.718034+00,19,,2026-01-09 20:30:54.718034+00,7398,0,0,0,0,00000000-0000-0000-0000-000000000001,cc8124ad-34db-486b-bee8-0a9ff321b93d
0a1575ba-9df5-47df-a2a6-1f130b3c579a,26269479575987944,2026-01-09 20:00:53.790067+00,19,,2026-01-09 20:00:53.790067+00,7332,0,0,0,0,00000000-0000-0000-0000-000000000001,cc8124ad-34db-486b-bee8-0a9ff321b93d
d723a1b2-be46-451d-992f-4586d4139f0e,26269479575987944,2026-01-09 19:45:49.662668+00,19,,2026-01-09 19:45:49.662668+00,7300,0,0,0,0,00000000-0000-0000-0000-000000000001,cc8124ad-34db-486b-bee8-0a9ff321b93d
0955f05f-d953-4bf8-a1d3-c3bff6351346,26269479575987944,2026-01-09 19:15:55.764923+00,19,,2026-01-09 19:15:55.764923+00,7207,0,0,0,0,00000000-0000-0000-0000-000000000001,cc8124ad-34db-486b-bee8-0a9ff321b93d
c7fbca76-f11a-45ea-874e-fd48b73c137d,26269479575987944,2026-01-09 18:45:45.276874+00,19,,2026-01-09 18:45:45.276874+00,7046,0,0,0,0,00000000-0000-0000-0000-000000000001,cc8124ad-34db-486b-bee8-0a9ff321b93d
c7bc2877-9701-44cb-9660-f8984f8223ba,26269479575987944,2026-01-09 18:30:50.025547+00,19,,2026-01-09 18:30:50.025547+00,7001,0,0,0,0,00000000-0000-0000-0000-000000000001,cc8124ad-34db-486b-bee8-0a9ff321b93d
53542784-da53-4fd9-8482-3bf66d97f747,26269479575987944,2026-01-09 18:00:56.741123+00,19,,2026-01-09 18:00:56.741123+00,6907,0,0,0,0,00000000-0000-0000-0000-000000000001,cc8124ad-34db-486b-bee8-0a9ff321b93d
c81907ab-7e44-4e4c-b712-d9ed1b55aa6c,26269479575987944,2026-01-09 17:46:07.443447+00,19,,2026-01-09 17:46:07.443447+00,6864,0,0,0,0,00000000-0000-0000-0000-000000000001,cc8124ad-34db-486b-bee8-0a9ff321b93d
d09583a0-c427-4a2d-9189-dab1df74c23f,26269479575987944,2026-01-09 17:15:46.278227+00,19,,2026-01-09 17:15:46.278227+00,6731,0,0,0,0,00000000-0000-0000-0000-000000000001,cc8124ad-34db-486b-bee8-0a9ff321b93d
bc19ad21-7f7c-4f1c-b15d-3d7f9f4f5cad,26269479575987944,2026-01-09 16:45:53.757375+00,19,,2026-01-09 16:45:53.757375+00,6572,0,0,0,0,00000000-0000-0000-0000-000000000001,cc8124ad-34db-486b-bee8-0a9ff321b93d
e517b5ef-aa1a-45b9-8235-93e7d79badb4,26269479575987944,2026-01-09 16:31:02.491189+00,19,,2026-01-09 16:31:02.491189+00,6447,0,0,0,0,00000000-0000-0000-0000-000000000001,cc8124ad-34db-486b-bee8-0a9ff321b93d
b541ca2d-ec10-4cce-8dc6-fb9e745aaec1,26269479575987944,2026-01-09 16:01:13.07209+00,19,,2026-01-09 16:01:13.07209+00,6282,0,0,0,0,00000000-0000-0000-0000-000000000001,cc8124ad-34db-486b-bee8-0a9ff321b93d
13cbb4b2-1e24-471c-af75-0c21f695ee79,26269479575987944,2026-01-09 15:35:58.803991+00,19,,2026-01-09 15:35:58.803991+00,6100,0,0,0,0,00000000-0000-0000-0000-000000000001,cc8124ad-34db-486b-bee8-0a9ff321b93d
46af6527-2690-484f-b534-54e2527bf934,26269479575987944,2026-01-09 15:15:56.825773+00,19,,2026-01-09 15:15:56.825773+00,5833,0,0,0,0,00000000-0000-0000-0000-000000000001,cc8124ad-34db-486b-bee8-0a9ff321b93d
f8e1c514-7a9d-47db-af51-83eeb98551a2,26269479575987944,2026-01-09 14:45:51.176437+00,18,,2026-01-09 14:45:51.176437+00,5326,0,0,0,0,00000000-0000-0000-0000-000000000001,cc8124ad-34db-486b-bee8-0a9ff321b93d
d2e1392b-4c93-4753-896a-24264ca69d00,26269479575987944,2026-01-09 14:15:54.173281+00,18,,2026-01-09 14:15:54.173281+00,4912,0,0,0,0,00000000-0000-0000-0000-000000000001,cc8124ad-34db-486b-bee8-0a9ff321b93d
6ee1c35a-d1f4-4d9a-aea1-70abe67d1a7e,26269479575987944,2026-01-09 13:50:26.36328+00,18,,2026-01-09 13:50:26.36328+00,4361,0,0,0,0,00000000-0000-0000-0000-000000000001,cc8124ad-34db-486b-bee8-0a9ff321b93d
7de46937-6195-475e-b9a9-2a97768b07cc,26269479575987944,2026-01-09 13:31:11.850552+00,18,,2026-01-09 13:31:11.850552+00,4026,0,0,0,0,00000000-0000-0000-0000-000000000001,cc8124ad-34db-486b-bee8-0a9ff321b93d
95edb9c3-8164-476c-a66c-7c3b1be75cb3,26269479575987944,2026-01-09 13:00:49.459775+00,18,,2026-01-09 13:00:49.459775+00,3047,0,0,0,0,00000000-0000-0000-0000-000000000001,cc8124ad-34db-486b-bee8-0a9ff321b93d
49e65260-cdf3-48b5-8689-7ea82ccb368d,26269479575987944,2026-01-09 12:31:14.856808+00,18,,2026-01-09 12:31:14.856808+00,2871,0,0,0,0,00000000-0000-0000-0000-000000000001,cc8124ad-34db-486b-bee8-0a9ff321b93d
fde0cc47-2a73-4ca4-bac9-e60af2fc7f61,26269479575987944,2026-01-09 12:00:46.506583+00,18,,2026-01-09 12:00:46.506583+00,2729,0,0,0,0,00000000-0000-0000-0000-000000000001,cc8124ad-34db-486b-bee8-0a9ff321b93d
be0aa83b-ec16-4a66-bbc6-eb7359273cde,26269479575987944,2026-01-09 11:30:52.131401+00,18,,2026-01-09 11:30:52.131401+00,2680,0,0,0,0,00000000-0000-0000-0000-000000000001,cc8124ad-34db-486b-bee8-0a9ff321b93d
24e5824e-d13a-4b59-924f-0c1755039d23,26269479575987944,2026-01-09 11:15:41.76196+00,18,,2026-01-09 11:15:41.76196+00,2638,0,0,0,0,00000000-0000-0000-0000-000000000001,cc8124ad-34db-486b-bee8-0a9ff321b93d
7492ef7e-447f-4a89-beb6-88b934e242b7,26269479575987944,2026-01-09 11:00:37.077585+00,18,,2026-01-09 11:00:37.077585+00,2604,0,0,0,0,00000000-0000-0000-0000-000000000001,cc8124ad-34db-486b-bee8-0a9ff321b93d
f3dcb5c3-68ef-40a5-8f1d-8166048a1e01,26269479575987944,2026-01-09 10:45:54.627504+00,18,,2026-01-09 10:45:54.627504+00,2582,0,0,0,0,00000000-0000-0000-0000-000000000001,cc8124ad-34db-486b-bee8-0a9ff321b93d
c6f8ccb5-4312-446f-87a1-dad1ab25d787,26269479575987944,2026-01-09 10:30:56.112196+00,18,,2026-01-09 10:30:56.112196+00,2571,0,0,0,0,00000000-0000-0000-0000-000000000001,cc8124ad-34db-486b-bee8-0a9ff321b93d
52ea789d-dc0f-4691-a685-aabacfa4bcc9,26269479575987944,2026-01-09 10:15:40.22256+00,18,,2026-01-09 10:15:40.22256+00,2545,0,0,0,0,00000000-0000-0000-0000-000000000001,cc8124ad-34db-486b-bee8-0a9ff321b93d
3e854da9-bdc2-42ca-b74c-3ad05bd223db,26269479575987944,2026-01-09 10:00:42.336619+00,18,,2026-01-09 10:00:42.336619+00,2536,0,0,0,0,00000000-0000-0000-0000-000000000001,cc8124ad-34db-486b-bee8-0a9ff321b93d
21127d62-ee81-43ab-a4bd-f86b8e817d9a,26269479575987944,2026-01-09 09:46:12.402315+00,18,,2026-01-09 09:46:12.402315+00,2521,0,0,0,0,00000000-0000-0000-0000-000000000001,cc8124ad-34db-486b-bee8-0a9ff321b93d
3cc313a4-2c59-46df-b6d0-f07fbf2629b2,26269479575987944,2026-01-09 09:30:57.087607+00,18,,2026-01-09 09:30:57.087607+00,2509,0,0,0,0,00000000-0000-0000-0000-000000000001,cc8124ad-34db-486b-bee8-0a9ff321b93d
acac1c1b-9d06-4064-bd26-0fefa6fdaa7b,26269479575987944,2026-01-09 09:15:35.346819+00,18,,2026-01-09 09:15:35.346819+00,2497,0,0,0,0,00000000-0000-0000-0000-000000000001,cc8124ad-34db-486b-bee8-0a9ff321b93d
ae213e1c-0e8a-4861-8bf0-a9ca17a131f9,26269479575987944,2026-01-09 09:00:51.210553+00,18,,2026-01-09 09:00:51.210553+00,2479,0,0,0,0,00000000-0000-0000-0000-000000000001,cc8124ad-34db-486b-bee8-0a9ff321b93d
bafe9265-c142-4cc2-a3d8-af1f9ae05c54,26269479575987944,2026-01-09 08:45:49.832928+00,18,,2026-01-09 08:45:49.832928+00,2456,0,0,0,0,00000000-0000-0000-0000-000000000001,cc8124ad-34db-486b-bee8-0a9ff321b93d
878e4893-b45c-4973-9c42-65bdef88402f,26269479575987944,2026-01-09 08:31:11.946857+00,18,,2026-01-09 08:31:11.946857+00,2447,0,0,0,0,00000000-0000-0000-0000-000000000001,cc8124ad-34db-486b-bee8-0a9ff321b93d
7184f6b7-8327-4f17-83ef-68cd2cba1011,26269479575987944,2026-01-09 08:25:10.716016+00,18,,2026-01-09 08:25:10.716016+00,2447,0,0,0,0,00000000-0000-0000-0000-000000000001,cc8124ad-34db-486b-bee8-0a9ff321b93d
01f24c2e-3b18-45ee-8b3b-a676200b8a89,26269479575987944,2026-01-09 08:15:59.450692+00,18,,2026-01-09 08:15:59.450692+00,2431,0,0,0,0,00000000-0000-0000-0000-000000000001,cc8124ad-34db-486b-bee8-0a9ff321b93d
12b2e79e-c7fe-4fb2-b547-82e26cb8ad65,26269479575987944,2026-01-09 08:00:48.26514+00,18,,2026-01-09 08:00:48.26514+00,2409,0,0,0,0,00000000-0000-0000-0000-000000000001,cc8124ad-34db-486b-bee8-0a9ff321b93d
48798270-f1b5-42ac-bcbd-55470c9f1191,26269479575987944,2026-01-09 07:45:56.935014+00,18,,2026-01-09 07:45:56.935014+00,13320,0,0,0,0,00000000-0000-0000-0000-000000000001,cc8124ad-34db-486b-bee8-0a9ff321b93d
77be40be-b14c-4da4-a083-6c228bd942ce,26269479575987944,2026-01-09 07:30:36.619005+00,18,,2026-01-09 07:30:36.619005+00,13295,0,0,0,0,00000000-0000-0000-0000-000000000001,cc8124ad-34db-486b-bee8-0a9ff321b93d
a4c6cb56-7cda-463c-9445-f38bc4d786b4,26269479575987944,2026-01-09 07:16:04.577952+00,18,,2026-01-09 07:16:04.577952+00,13283,0,0,0,0,00000000-0000-0000-0000-000000000001,cc8124ad-34db-486b-bee8-0a9ff321b93d
55500e26-d8a9-4c01-b236-a99dad2653ff,26269479575987944,2026-01-09 07:00:30.431443+00,18,,2026-01-09 07:00:30.431443+00,13244,0,0,0,0,00000000-0000-0000-0000-000000000001,cc8124ad-34db-486b-bee8-0a9ff321b93d
6226efcd-3409-4153-b719-7f61bdfb19d7,26269479575987944,2026-01-09 06:45:57.355704+00,18,,2026-01-09 06:45:57.355704+00,13227,0,0,0,0,00000000-0000-0000-0000-000000000001,cc8124ad-34db-486b-bee8-0a9ff321b93d
1fa5bbc9-c3a1-469b-9056-0aab08f218f1,26269479575987944,2026-01-09 06:30:58.173161+00,18,,2026-01-09 06:30:58.173161+00,13195,0,0,0,0,00000000-0000-0000-0000-000000000001,cc8124ad-34db-486b-bee8-0a9ff321b93d
3c8b25ce-df68-4212-a25e-bd97f7d45d7c,26269479575987944,2026-01-09 06:15:55.377489+00,18,,2026-01-09 06:15:55.377489+00,13167,0,0,0,0,00000000-0000-0000-0000-000000000001,cc8124ad-34db-486b-bee8-0a9ff321b93d
172c9404-c61a-48d2-8c4a-8af0623f977c,26269479575987944,2026-01-09 06:00:37.813896+00,18,,2026-01-09 06:00:37.813896+00,13140,0,0,0,0,00000000-0000-0000-0000-000000000001,cc8124ad-34db-486b-bee8-0a9ff321b93d
c6ea26f1-3ba7-4998-be13-c008acf51977,26269479575987944,2026-01-09 05:45:43.032775+00,18,,2026-01-09 05:45:43.032775+00,13105,0,0,0,0,00000000-0000-0000-0000-000000000001,cc8124ad-34db-486b-bee8-0a9ff321b93d
5cc4a81c-0a48-4483-bdf4-a6ee0659cfc4,26269479575987944,2026-01-09 05:30:39.151821+00,18,,2026-01-09 05:30:39.151821+00,13096,0,0,0,0,00000000-0000-0000-0000-000000000001,cc8124ad-34db-486b-bee8-0a9ff321b93d
ada945d5-101b-4130-b74b-5de0d5760798,26269479575987944,2026-01-09 05:15:43.470688+00,18,,2026-01-09 05:15:43.470688+00,13081,0,0,0,0,00000000-0000-0000-0000-000000000001,cc8124ad-34db-486b-bee8-0a9ff321b93d
277cea8e-afd9-4af5-9ccc-d992ea625ee8,26269479575987944,2026-01-09 05:00:33.259366+00,18,,2026-01-09 05:00:33.259366+00,13041,0,0,0,0,00000000-0000-0000-0000-000000000001,cc8124ad-34db-486b-bee8-0a9ff321b93d
98a0435d-018d-471f-9f01-253c253c1956,26269479575987944,2026-01-09 04:45:37.899898+00,18,,2026-01-09 04:45:37.899898+00,13005,0,0,0,0,00000000-0000-0000-0000-000000000001,cc8124ad-34db-486b-bee8-0a9ff321b93d
f3aac49a-364b-4f41-9f5c-a5e553086964,26269479575987944,2026-01-09 04:30:47.397127+00,18,,2026-01-09 04:30:47.397127+00,12977,0,0,0,0,00000000-0000-0000-0000-000000000001,cc8124ad-34db-486b-bee8-0a9ff321b93d
c77feb7d-a47d-41a0-9c5e-cf07a93b5ebb,26269479575987944,2026-01-09 04:15:52.011241+00,18,,2026-01-09 04:15:52.011241+00,12955,0,0,0,0,00000000-0000-0000-0000-000000000001,cc8124ad-34db-486b-bee8-0a9ff321b93d
e1ac429f-596d-4b10-a50e-50d075306f7e,26269479575987944,2026-01-09 04:00:36.172221+00,18,,2026-01-09 04:00:36.172221+00,12938,0,0,0,0,00000000-0000-0000-0000-000000000001,cc8124ad-34db-486b-bee8-0a9ff321b93d
c465cbac-f2ef-4a1f-a9ea-34904daf14da,26269479575987944,2026-01-09 03:45:45.829064+00,18,,2026-01-09 03:45:45.829064+00,12932,0,0,0,0,00000000-0000-0000-0000-000000000001,cc8124ad-34db-486b-bee8-0a9ff321b93d
54033ca1-386b-411d-9223-a85960323065,26269479575987944,2026-01-09 03:30:35.740738+00,18,,2026-01-09 03:30:35.740738+00,12917,0,0,0,0,00000000-0000-0000-0000-000000000001,cc8124ad-34db-486b-bee8-0a9ff321b93d
06ed4a2b-9c78-4286-aa06-0b853c64fe69,26269479575987944,2026-01-09 03:15:43.946183+00,18,,2026-01-09 03:15:43.946183+00,12899,0,0,0,0,00000000-0000-0000-0000-000000000001,cc8124ad-34db-486b-bee8-0a9ff321b93d
ac91212f-cfcc-4e8c-915d-e1a51c2a3de5,26269479575987944,2026-01-09 03:00:42.736009+00,18,,2026-01-09 03:00:42.736009+00,12885,0,0,0,0,00000000-0000-0000-0000-000000000001,cc8124ad-34db-486b-bee8-0a9ff321b93d
2e62e1f8-588b-4768-832a-c33fd6f4b35f,26269479575987944,2026-01-09 02:45:32.039581+00,18,,2026-01-09 02:45:32.039581+00,12856,0,0,0,0,00000000-0000-0000-0000-000000000001,cc8124ad-34db-486b-bee8-0a9ff321b93d
e2811287-3cb8-4bd4-9d47-fdb600a6e284,26269479575987944,2026-01-09 02:30:47.421341+00,18,,2026-01-09 02:30:47.421341+00,12818,0,0,0,0,00000000-0000-0000-0000-000000000001,cc8124ad-34db-486b-bee8-0a9ff321b93d
5fc4d88b-8b7f-4626-aed4-ec9c0abd19a5,26269479575987944,2026-01-09 02:15:41.863961+00,18,,2026-01-09 02:15:41.863961+00,12805,0,0,0,0,00000000-0000-0000-0000-000000000001,cc8124ad-34db-486b-bee8-0a9ff321b93d
b9dee760-61c3-4a3c-acba-fc2f54d00726,26269479575987944,2026-01-09 02:00:34.925408+00,18,,2026-01-09 02:00:34.925408+00,12774,0,0,0,0,00000000-0000-0000-0000-000000000001,cc8124ad-34db-486b-bee8-0a9ff321b93d
7e270909-aa6a-4020-99c8-2eab9c3ad180,26269479575987944,2026-01-09 01:45:40.338024+00,18,,2026-01-09 01:45:40.338024+00,12764,0,0,0,0,00000000-0000-0000-0000-000000000001,cc8124ad-34db-486b-bee8-0a9ff321b93d
012e3b08-b67e-4f9f-b314-ad5cab7f2993,26269479575987944,2026-01-09 01:30:31.686531+00,18,,2026-01-09 01:30:31.686531+00,12743,0,0,0,0,00000000-0000-0000-0000-000000000001,cc8124ad-34db-486b-bee8-0a9ff321b93d
203a129f-99c1-463f-aa8d-fc6dff658027,26269479575987944,2026-01-09 01:15:28.254653+00,18,,2026-01-09 01:15:28.254653+00,12719,0,0,0,0,00000000-0000-0000-0000-000000000001,cc8124ad-34db-486b-bee8-0a9ff321b93d
1f268796-2e5a-44df-a443-d5fe81880544,26269479575987944,2026-01-09 01:00:34.537861+00,18,,2026-01-09 01:00:34.537861+00,12674,0,0,0,0,00000000-0000-0000-0000-000000000001,cc8124ad-34db-486b-bee8-0a9ff321b93d
dcf041ba-14bb-4df4-b88e-049b359f4b28,26269479575987944,2026-01-09 00:45:38.920654+00,18,,2026-01-09 00:45:38.920654+00,12651,0,0,0,0,00000000-0000-0000-0000-000000000001,cc8124ad-34db-486b-bee8-0a9ff321b93d
96d379b0-0246-45bb-89db-9094d5981583,26269479575987944,2026-01-09 00:30:40.145238+00,18,,2026-01-09 00:30:40.145238+00,12624,0,0,0,0,00000000-0000-0000-0000-000000000001,cc8124ad-34db-486b-bee8-0a9ff321b93d
adbaa5fa-56d1-4e44-8c66-8dd6b4d19c48,26269479575987944,2026-01-09 00:15:29.447722+00,18,,2026-01-09 00:15:29.447722+00,12600,0,0,0,0,00000000-0000-0000-0000-000000000001,cc8124ad-34db-486b-bee8-0a9ff321b93d
2e682723-6976-4a36-99ef-64f15447fbe7,26269479575987944,2026-01-09 00:00:39.889344+00,18,,2026-01-09 00:00:39.889344+00,12571,0,0,0,0,00000000-0000-0000-0000-000000000001,cc8124ad-34db-486b-bee8-0a9ff321b93d
3875c83a-9ef6-4793-9e85-e98e82bdf400,26269479575987944,2026-01-08 23:45:34.821172+00,18,,2026-01-08 23:45:34.821172+00,12557,0,0,0,0,00000000-0000-0000-0000-000000000001,cc8124ad-34db-486b-bee8-0a9ff321b93d
f1c81e22-a32d-437d-8b82-958999ea256c,26269479575987944,2026-01-08 23:30:34.588313+00,18,,2026-01-08 23:30:34.588313+00,12542,0,0,0,0,00000000-0000-0000-0000-000000000001,cc8124ad-34db-486b-bee8-0a9ff321b93d
2d7bb51a-c3a2-4b2a-97dd-4437cd0d5cbf,26269479575987944,2026-01-08 23:15:36.030416+00,18,,2026-01-08 23:15:36.030416+00,12533,0,0,0,0,00000000-0000-0000-0000-000000000001,cc8124ad-34db-486b-bee8-0a9ff321b93d
fe9cfed3-9d50-4ba4-a892-8328574872aa,26269479575987944,2026-01-08 23:00:32.774261+00,18,,2026-01-08 23:00:32.774261+00,12509,0,0,0,0,00000000-0000-0000-0000-000000000001,cc8124ad-34db-486b-bee8-0a9ff321b93d
c1995b35-a1b2-4f94-a2c4-c941d91e3fd8,26269479575987944,2026-01-08 22:45:35.042761+00,18,,2026-01-08 22:45:35.042761+00,12497,0,0,0,0,00000000-0000-0000-0000-000000000001,cc8124ad-34db-486b-bee8-0a9ff321b93d
24d33da0-e6d2-4850-9091-03703cd879f3,26269479575987944,2026-01-08 22:30:36.954675+00,18,,2026-01-08 22:30:36.954675+00,12485,0,0,0,0,00000000-0000-0000-0000-000000000001,cc8124ad-34db-486b-bee8-0a9ff321b93d
837ceeaf-945c-4bad-bd20-da10ae9263d0,26269479575987944,2026-01-08 22:15:35.187026+00,18,,2026-01-08 22:15:35.187026+00,12474,0,0,0,0,00000000-0000-0000-0000-000000000001,cc8124ad-34db-486b-bee8-0a9ff321b93d
19decff4-4955-43d5-8561-45c157a20929,26269479575987944,2026-01-08 22:00:37.330271+00,18,,2026-01-08 22:00:37.330271+00,12468,0,0,0,0,00000000-0000-0000-0000-000000000001,cc8124ad-34db-486b-bee8-0a9ff321b93d
a9971bb9-e8a1-486f-9f91-ca14091cd3c2,26269479575987944,2026-01-08 21:45:37.921233+00,18,,2026-01-08 21:45:37.921233+00,12458,0,0,0,0,00000000-0000-0000-0000-000000000001,cc8124ad-34db-486b-bee8-0a9ff321b93d
0734d69a-dbcf-42b8-8f49-8dc25003b79a,26269479575987944,2026-01-08 21:30:38.603264+00,18,,2026-01-08 21:30:38.603264+00,12449,0,0,0,0,00000000-0000-0000-0000-000000000001,cc8124ad-34db-486b-bee8-0a9ff321b93d
38bed5e8-22d4-4ec2-8388-9bc8dd229568,26269479575987944,2026-01-08 21:15:37.954858+00,18,,2026-01-08 21:15:37.954858+00,12436,0,0,0,0,00000000-0000-0000-0000-000000000001,cc8124ad-34db-486b-bee8-0a9ff321b93d
baad45e8-b4be-4580-a38d-a89a28ac0d4c,26269479575987944,2026-01-08 21:00:42.610334+00,18,,2026-01-08 21:00:42.610334+00,12423,0,0,0,0,00000000-0000-0000-0000-000000000001,cc8124ad-34db-486b-bee8-0a9ff321b93d
5eda73c0-721b-4bf5-893c-80efb62a5c09,26269479575987944,2026-01-08 20:45:46.036288+00,18,,2026-01-08 20:45:46.036288+00,12418,0,0,0,0,00000000-0000-0000-0000-000000000001,cc8124ad-34db-486b-bee8-0a9ff321b93d
8912ac69-8c74-43cd-b2e4-595f6ca713fc,26269479575987944,2026-01-08 20:30:45.519628+00,18,,2026-01-08 20:30:45.519628+00,12407,0,0,0,0,00000000-0000-0000-0000-000000000001,cc8124ad-34db-486b-bee8-0a9ff321b93d
8b009558-9a2a-45f0-8878-5f42c761280d,26269479575987944,2026-01-08 20:15:38.838042+00,18,,2026-01-08 20:15:38.838042+00,12395,0,0,0,0,00000000-0000-0000-0000-000000000001,cc8124ad-34db-486b-bee8-0a9ff321b93d
0ea36195-60da-4bf4-b136-1f5e79e5a36a,26269479575987944,2026-01-08 20:00:40.604781+00,18,,2026-01-08 20:00:40.604781+00,12384,0,0,0,0,00000000-0000-0000-0000-000000000001,cc8124ad-34db-486b-bee8-0a9ff321b93d
f40defd3-615f-47f0-9302-58e910238c63,26269479575987944,2026-01-08 19:45:32.709393+00,18,,2026-01-08 19:45:32.709393+00,12367,0,0,0,0,00000000-0000-0000-0000-000000000001,cc8124ad-34db-486b-bee8-0a9ff321b93d
7a9b1942-7254-4ba2-ab12-2ecc1da71630,26269479575987944,2026-01-08 19:30:34.124829+00,18,,2026-01-08 19:30:34.124829+00,12348,0,0,0,0,00000000-0000-0000-0000-000000000001,cc8124ad-34db-486b-bee8-0a9ff321b93d
74bc3c65-ce85-4f58-99d9-8d6cde9e9bd0,26269479575987944,2026-01-08 19:15:45.203227+00,18,,2026-01-08 19:15:45.203227+00,12311,0,0,0,0,00000000-0000-0000-0000-000000000001,cc8124ad-34db-486b-bee8-0a9ff321b93d
77257c8d-6970-452b-84c6-d12d67b5e915,26269479575987944,2026-01-08 19:00:46.101905+00,18,,2026-01-08 19:00:46.101905+00,12281,0,0,0,0,00000000-0000-0000-0000-000000000001,cc8124ad-34db-486b-bee8-0a9ff321b93d
7d4b1281-a7c4-4b47-b39b-7b66476adc2e,26269479575987944,2026-01-08 18:45:38.005976+00,18,,2026-01-08 18:45:38.005976+00,12225,0,0,0,0,00000000-0000-0000-0000-000000000001,cc8124ad-34db-486b-bee8-0a9ff321b93d
38fef306-8786-408a-923f-8723333e9fda,26269479575987944,2026-01-08 18:30:46.377998+00,18,,2026-01-08 18:30:46.377998+00,12196,0,0,0,0,00000000-0000-0000-0000-000000000001,cc8124ad-34db-486b-bee8-0a9ff321b93d
9b52fe37-35d8-436b-9d78-369c84e5f611,26269479575987944,2026-01-08 18:15:34.632796+00,18,,2026-01-08 18:15:34.632796+00,12143,0,0,0,0,00000000-0000-0000-0000-000000000001,cc8124ad-34db-486b-bee8-0a9ff321b93d
1d84a9c2-3dc6-4f7d-96db-ce4fa28ad1ff,26269479575987944,2026-01-08 18:00:44.30069+00,18,,2026-01-08 18:00:44.30069+00,12107,0,0,0,0,00000000-0000-0000-0000-000000000001,cc8124ad-34db-486b-bee8-0a9ff321b93d
a94a0bf1-bec4-48bb-a1b2-4c45f7b79f63,26269479575987944,2026-01-08 17:45:46.925593+00,18,,2026-01-08 17:45:46.925593+00,12030,0,0,0,0,00000000-0000-0000-0000-000000000001,cc8124ad-34db-486b-bee8-0a9ff321b93d
e6167ff8-9ed8-45b3-a593-cedea8568e41,26269479575987944,2026-01-08 17:30:49.621533+00,18,,2026-01-08 17:30:49.621533+00,11961,0,0,0,0,00000000-0000-0000-0000-000000000001,cc8124ad-34db-486b-bee8-0a9ff321b93d
24e5d8ed-07cb-4e47-b565-9378c61fe3ab,26269479575987944,2026-01-08 17:15:47.736512+00,17,,2026-01-08 17:15:47.736512+00,11891,0,0,0,0,00000000-0000-0000-0000-000000000001,cc8124ad-34db-486b-bee8-0a9ff321b93d
6f80cd2b-c205-456e-b97d-e0e52a597987,26269479575987944,2026-01-08 17:00:57.484198+00,17,,2026-01-08 17:00:57.484198+00,11836,0,0,0,0,00000000-0000-0000-0000-000000000001,cc8124ad-34db-486b-bee8-0a9ff321b93d
f450656a-33b9-4be5-951f-f34e7e447e78,26269479575987944,2026-01-08 16:46:04.709722+00,17,,2026-01-08 16:46:04.709722+00,11752,0,0,0,0,00000000-0000-0000-0000-000000000001,cc8124ad-34db-486b-bee8-0a9ff321b93d
d61dc3f4-e5ce-45ae-87bc-7fe63ade3b78,26269479575987944,2026-01-08 16:18:23.566709+00,17,,2026-01-08 16:18:23.566709+00,11628,0,0,0,0,00000000-0000-0000-0000-000000000001,cc8124ad-34db-486b-bee8-0a9ff321b93d
73b4201b-8236-480d-9435-b889ac930bb3,26269479575987944,2026-01-08 15:30:50.808631+00,17,,2026-01-08 15:30:50.808631+00,11434,0,0,0,0,00000000-0000-0000-0000-000000000001,cc8124ad-34db-486b-bee8-0a9ff321b93d
7377a194-95d2-4cff-8021-4eff8a182307,26269479575987944,2026-01-08 15:15:42.082338+00,17,,2026-01-08 15:15:42.082338+00,11406,0,0,0,0,00000000-0000-0000-0000-000000000001,cc8124ad-34db-486b-bee8-0a9ff321b93d
4fbe7b33-daaf-49ca-a4e1-037cac313747,26269479575987944,2026-01-08 15:00:44.933274+00,17,,2026-01-08 15:00:44.933274+00,11389,0,0,0,0,00000000-0000-0000-0000-000000000001,cc8124ad-34db-486b-bee8-0a9ff321b93d
2d7e6ca1-3eb9-4106-b91f-74c9b7273c80,26269479575987944,2026-01-08 14:45:41.156039+00,17,,2026-01-08 14:45:41.156039+00,11378,0,0,0,0,00000000-0000-0000-0000-000000000001,cc8124ad-34db-486b-bee8-0a9ff321b93d
528c4303-69bc-4523-bce8-57dfbb169021,26269479575987944,2026-01-08 14:30:34.193581+00,17,,2026-01-08 14:30:34.193581+00,11356,0,0,0,0,00000000-0000-0000-0000-000000000001,cc8124ad-34db-486b-bee8-0a9ff321b93d
970a7472-0330-40e9-9c9a-f94774e37225,26269479575987944,2026-01-08 14:15:49.140779+00,17,,2026-01-08 14:15:49.140779+00,11314,0,0,0,0,00000000-0000-0000-0000-000000000001,cc8124ad-34db-486b-bee8-0a9ff321b93d
3aeeb1c1-c698-4f0c-9be2-927ada3ed13d,26269479575987944,2026-01-08 14:00:52.155216+00,17,,2026-01-08 14:00:52.155216+00,11214,0,0,0,0,00000000-0000-0000-0000-000000000001,cc8124ad-34db-486b-bee8-0a9ff321b93d
2a5b8904-b657-492d-bddf-7b9aac41eba5,26269479575987944,2026-01-08 13:45:56.589636+00,17,,2026-01-08 13:45:56.589636+00,11213,0,0,0,0,00000000-0000-0000-0000-000000000001,cc8124ad-34db-486b-bee8-0a9ff321b93d
124772c7-551f-4901-8040-965b14069d5e,26269479575987944,2026-01-08 13:30:55.904891+00,17,,2026-01-08 13:30:55.904891+00,11203,0,0,0,0,00000000-0000-0000-0000-000000000001,cc8124ad-34db-486b-bee8-0a9ff321b93d
ba2493e4-04f9-4aa5-9aea-8eb1df16bd1f,26269479575987944,2026-01-08 13:15:31.801441+00,17,,2026-01-08 13:15:31.801441+00,11201,0,0,0,0,00000000-0000-0000-0000-000000000001,cc8124ad-34db-486b-bee8-0a9ff321b93d
f048c5f4-8abc-4016-a303-39a7458b2e8f,26269479575987944,2026-01-08 13:00:33.899335+00,17,,2026-01-08 13:00:33.899335+00,11196,0,0,0,0,00000000-0000-0000-0000-000000000001,cc8124ad-34db-486b-bee8-0a9ff321b93d
de51f6f4-566b-4638-90b2-3af62aa7a829,26269479575987944,2026-01-08 12:45:44.825516+00,17,,2026-01-08 12:45:44.825516+00,11188,0,0,0,0,00000000-0000-0000-0000-000000000001,cc8124ad-34db-486b-bee8-0a9ff321b93d
7ea226e1-9a67-4278-b1fa-9d97abb77a22,26269479575987944,2026-01-08 12:30:35.832316+00,17,,2026-01-08 12:30:35.832316+00,11180,0,0,0,0,00000000-0000-0000-0000-000000000001,cc8124ad-34db-486b-bee8-0a9ff321b93d
616dd78e-7923-4d04-bcfa-9a2297d26af6,26269479575987944,2026-01-08 12:15:52.476219+00,17,,2026-01-08 12:15:52.476219+00,11177,0,0,0,0,00000000-0000-0000-0000-000000000001,cc8124ad-34db-486b-bee8-0a9ff321b93d
6d0ff0b4-6665-4c77-866b-8db3f2caf5c9,26269479575987944,2026-01-08 11:52:06.811645+00,17,,2026-01-08 11:52:06.811645+00,11169,0,0,0,0,00000000-0000-0000-0000-000000000001,cc8124ad-34db-486b-bee8-0a9ff321b93d
c8141cf6-2e3f-4854-9025-db5b78b911a7,26269479575987944,2026-01-08 11:04:32.482508+00,17,,2026-01-08 11:04:32.482508+00,11150,0,0,0,0,00000000-0000-0000-0000-000000000001,cc8124ad-34db-486b-bee8-0a9ff321b93d
16f60d00-b0e7-4544-bd60-56fe06a7d94b,26269479575987944,2026-01-08 10:45:41.36605+00,17,,2026-01-08 10:45:41.36605+00,11146,0,0,0,0,00000000-0000-0000-0000-000000000001,cc8124ad-34db-486b-bee8-0a9ff321b93d
de20fe51-dc5b-4be7-8f51-ff6fe79e5138,26269479575987944,2026-01-08 10:30:47.846105+00,17,,2026-01-08 10:30:47.846105+00,11145,0,0,0,0,00000000-0000-0000-0000-000000000001,cc8124ad-34db-486b-bee8-0a9ff321b93d
1bf969fc-3bb0-47cd-984d-1eb840ce0a65,26269479575987944,2026-01-08 10:15:50.668371+00,17,,2026-01-08 10:15:50.668371+00,11142,0,0,0,0,00000000-0000-0000-0000-000000000001,cc8124ad-34db-486b-bee8-0a9ff321b93d
48512a6f-e176-42e1-b3fa-4ac4f84727c2,26269479575987944,2026-01-08 09:59:04.101844+00,17,,2026-01-08 09:59:04.101844+00,11134,0,0,0,0,00000000-0000-0000-0000-000000000001,cc8124ad-34db-486b-bee8-0a9ff321b93d
083f43dc-50dd-4245-a3ea-411d3d9b35a2,26269479575987944,2026-01-08 09:56:28.840564+00,17,,2026-01-08 09:56:28.840564+00,11134,0,0,0,0,00000000-0000-0000-0000-000000000001,cc8124ad-34db-486b-bee8-0a9ff321b93d
595abbd8-a714-4cde-a657-938d33eb58bb,26269479575987944,2026-01-08 09:36:59.406422+00,0,,2026-01-08 09:36:59.406422+00,0,0,0,0,0,00000000-0000-0000-0000-000000000001,cc8124ad-34db-486b-bee8-0a9ff321b93d